label_name,bbox_x,bbox_y,bbox_width,bbox_height,image_name,image_width,image_height
Binky,443,404,63,48,dp_img2023_02_21_21_25_06_816963%.jpeg,1280,720
Muddles,758,411,69,65,dp_img2023_02_21_21_25_06_816963%.jpeg,1280,720
Cube,341,442,42,36,dp_img2023_02_21_21_25_06_816963%.jpeg,1280,720
Ball,168,420,38,33,dp_img2023_02_21_21_25_06_816963%.jpeg,1280,720
Ball,758,422,42,38,dp_img2023_02_21_21_25_09_817347%.jpeg,1280,720
Cube,939,466,60,60,dp_img2023_02_21_21_25_09_817347%.jpeg,1280,720
Cube,0,588,136,132,dp_img2023_02_21_21_25_15_817049%.jpeg,1280,720
Binky,424,431,104,100,dp_img2023_02_21_21_25_15_817049%.jpeg,1280,720
Binky,184,434,143,106,dp_img2023_02_21_21_25_45_816993%.jpeg,1280,720
Muddles,2,440,113,71,dp_img2023_02_21_21_25_45_816993%.jpeg,1280,720
Cube,37,506,95,71,dp_img2023_02_21_21_25_45_816993%.jpeg,1280,720
Kiki,183,470,174,112,dp_img2023_02_21_21_25_54_817023%.jpeg,1280,720
Slush,58,437,136,77,dp_img2023_02_21_21_25_54_817023%.jpeg,1280,720
Cube,325,414,53,54,dp_img2023_02_21_21_25_54_817023%.jpeg,1280,720
Ball,267,395,44,44,dp_img2023_02_21_21_25_54_817023%.jpeg,1280,720
Cube,447,505,75,82,dp_img2023_02_21_21_26_06_816978%.jpeg,1280,720
Cube,444,506,80,78,dp_img2023_02_21_21_26_09_816980%.jpeg,1280,720
Muddles,880,443,106,113,dp_img2023_02_21_21_26_09_816980%.jpeg,1280,720
Ball,624,440,47,63,dp_img2023_02_21_21_26_09_816980%.jpeg,1280,720
Ball,554,458,47,69,dp_img2023_02_21_21_26_18_818395%.jpeg,1280,720
Cube,443,511,69,80,dp_img2023_02_21_21_26_18_818395%.jpeg,1280,720
Muddles,880,445,103,113,dp_img2023_02_21_21_26_18_818395%.jpeg,1280,720
Muddles,861,442,134,106,dp_img2023_02_21_21_26_21_818306%.jpeg,1280,720
Ball,520,461,63,66,dp_img2023_02_21_21_26_21_818306%.jpeg,1280,720
Cube,423,505,82,80,dp_img2023_02_21_21_26_21_818306%.jpeg,1280,720
Muddles,495,413,65,63,dp_img2023_02_21_21_26_27_816989%.jpeg,1280,720
Ball,293,431,38,27,dp_img2023_02_21_21_26_27_816989%.jpeg,1280,720
Hugo,0,457,172,163,dp_img2023_02_21_21_26_27_816989%.jpeg,1280,720
Cube,548,473,51,68,dp_img2023_02_21_21_26_33_817083%.jpeg,1280,720
Ball,1042,432,53,48,dp_img2023_02_21_21_26_33_817083%.jpeg,1280,720
Hugo,837,491,346,204,dp_img2023_02_21_21_26_33_817083%.jpeg,1280,720
Cube,548,476,59,63,dp_img2023_02_21_21_26_36_818342%.jpeg,1280,720
Hugo,840,490,353,207,dp_img2023_02_21_21_26_36_818342%.jpeg,1280,720
Ball,1052,431,50,53,dp_img2023_02_21_21_26_36_818342%.jpeg,1280,720
Slush,142,458,171,98,dp_img2023_02_21_21_26_45_821853%.jpeg,1280,720
Cube,189,455,56,29,dp_img2023_02_21_21_26_45_821853%.jpeg,1280,720
Kiki,571,446,143,88,dp_img2023_02_21_21_26_45_821853%.jpeg,1280,720
Cube,696,431,32,36,dp_img2023_02_21_21_26_45_821853%.jpeg,1280,720
Ball,770,434,48,47,dp_img2023_02_21_21_26_45_821853%.jpeg,1280,720
Hugo,840,422,163,94,dp_img2023_02_21_21_26_45_821853%.jpeg,1280,720
Ball,1049,411,33,35,dp_img2023_02_21_21_26_45_821853%.jpeg,1280,720
Cube,239,561,103,100,dp_img2023_02_21_21_26_54_816998%.jpeg,1280,720
Cube,529,506,95,88,dp_img2023_02_21_21_26_57_816956%.jpeg,1280,720
Cube,862,457,51,45,dp_img2023_02_21_21_27_00_816985%.jpeg,1280,720
Cube,903,428,27,24,dp_img2023_02_21_21_27_06_817092%.jpeg,1280,720
Ball,1084,423,38,36,dp_img2023_02_21_21_27_06_817092%.jpeg,1280,720
Kiki,1012,404,62,51,dp_img2023_02_21_21_27_06_817092%.jpeg,1280,720
Box,0,375,418,267,dp_img2023_02_21_21_27_06_817092%.jpeg,1280,720
Box,400,372,273,118,dp_img2023_02_21_21_27_15_817977%.jpeg,1280,720
Ball,1090,425,33,33,dp_img2023_02_21_21_27_15_817977%.jpeg,1280,720
Muddles,110,414,86,69,dp_img2023_02_21_21_27_15_817977%.jpeg,1280,720
Binky,322,437,134,78,dp_img2023_02_21_21_27_18_817826%.jpeg,1280,720
Hugo,1024,402,75,50,dp_img2023_02_21_21_27_18_817826%.jpeg,1280,720
Cube,504,404,27,26,dp_img2023_02_21_21_27_18_817826%.jpeg,1280,720
Ball,468,405,27,26,dp_img2023_02_21_21_27_18_817826%.jpeg,1280,720
Slush,553,416,89,54,dp_img2023_02_21_21_27_18_817826%.jpeg,1280,720
Slush,812,443,127,74,dp_img2023_02_21_21_27_21_816948%.jpeg,1280,720
Cube,796,414,29,30,dp_img2023_02_21_21_27_21_816948%.jpeg,1280,720
Ball,749,417,27,29,dp_img2023_02_21_21_27_21_816948%.jpeg,1280,720
Binky,434,473,183,124,dp_img2023_02_21_21_27_21_816948%.jpeg,1280,720
Cube,184,437,48,39,dp_img2023_02_21_21_27_21_816948%.jpeg,1280,720
Ball,121,423,32,27,dp_img2023_02_21_21_27_21_816948%.jpeg,1280,720
Box,0,374,160,98,dp_img2023_02_21_21_27_27_818304%.jpeg,1280,720
Ball,1237,423,43,38,dp_img2023_02_21_21_27_27_818304%.jpeg,1280,720
Binky,895,487,237,158,dp_img2023_02_21_21_27_27_818304%.jpeg,1280,720
Cube,618,431,39,36,dp_img2023_02_21_21_27_27_818304%.jpeg,1280,720
Ball,559,410,27,32,dp_img2023_02_21_21_27_27_818304%.jpeg,1280,720
Kiki,477,416,94,59,dp_img2023_02_21_21_27_30_818082%.jpeg,1280,720
Cube,686,454,42,47,dp_img2023_02_21_21_27_33_816975%.jpeg,1280,720
Cube,0,464,70,85,dp_img2023_02_21_21_27_33_816975%.jpeg,1280,720
Cube,260,451,51,53,dp_img2023_02_21_21_27_39_817586%.jpeg,1280,720
Cube,812,452,48,53,dp_img2023_02_21_21_27_39_817586%.jpeg,1280,720
Ball,1075,431,51,44,dp_img2023_02_21_21_27_45_816992%.jpeg,1280,720
Hugo,510,414,75,63,dp_img2023_02_21_21_27_45_816992%.jpeg,1280,720
Ball,907,428,41,42,dp_img2023_02_21_21_27_57_817604%.jpeg,1280,720
Box,0,374,344,211,dp_img2023_02_21_21_27_57_817604%.jpeg,1280,720
Cube,363,448,41,35,dp_img2023_02_21_21_28_12_818001%.jpeg,1280,720
Cube,160,423,27,23,dp_img2023_02_21_21_28_12_818001%.jpeg,1280,720
Kiki,1034,438,140,97,dp_img2023_02_21_21_28_12_818001%.jpeg,1280,720
Box,388,383,226,94,dp_img2023_02_21_21_28_12_818001%.jpeg,1280,720
Muddles,92,406,55,29,dp_img2023_02_21_21_28_12_818001%.jpeg,1280,720
Hugo,44,405,48,29,dp_img2023_02_21_21_28_12_818001%.jpeg,1280,720
Ball,252,410,30,27,dp_img2023_02_21_21_28_24_817005%.jpeg,1280,720
Kiki,672,440,103,85,dp_img2023_02_21_21_28_24_817005%.jpeg,1280,720
Cube,1110,470,62,48,dp_img2023_02_21_21_28_24_817005%.jpeg,1280,720
Box,1102,372,134,131,dp_img2023_02_21_21_28_24_817005%.jpeg,1280,720
Ball,464,407,29,32,dp_img2023_02_21_21_28_33_817002%.jpeg,1280,720
Muddles,1188,404,92,53,dp_img2023_02_21_21_28_33_817002%.jpeg,1280,720
Kiki,1202,500,78,121,dp_img2023_02_21_21_28_33_817002%.jpeg,1280,720
Box,0,378,139,115,dp_img2023_02_21_21_28_33_817002%.jpeg,1280,720
Box,551,368,229,95,dp_img2023_02_21_21_28_39_817094%.jpeg,1280,720
Ball,1040,408,32,32,dp_img2023_02_21_21_28_39_817094%.jpeg,1280,720
Hugo,776,410,45,45,dp_img2023_02_21_21_28_39_817094%.jpeg,1280,720
Hugo,414,420,53,50,dp_img2023_02_21_21_28_45_817057%.jpeg,1280,720
Ball,741,413,30,33,dp_img2023_02_21_21_28_45_817057%.jpeg,1280,720
Cube,46,454,53,42,dp_img2023_02_21_21_28_45_817057%.jpeg,1280,720
Box,98,374,315,119,dp_img2023_02_21_21_28_45_817057%.jpeg,1280,720
Box,44,372,337,122,dp_img2023_02_21_21_28_48_816965%.jpeg,1280,720
Hugo,378,422,60,51,dp_img2023_02_21_21_28_48_816965%.jpeg,1280,720
Ball,710,413,30,32,dp_img2023_02_21_21_28_48_816965%.jpeg,1280,720
Hugo,329,407,110,74,dp_img2023_02_21_21_28_51_816971%.jpeg,1280,720
Box,601,371,329,151,dp_img2023_02_21_21_28_51_816971%.jpeg,1280,720
Cube,930,451,48,45,dp_img2023_02_21_21_28_51_816971%.jpeg,1280,720
Ball,521,446,48,54,dp_img2023_02_21_21_28_57_816938%.jpeg,1280,720
Cube,932,448,41,47,dp_img2023_02_21_21_28_57_816938%.jpeg,1280,720
Box,604,368,331,152,dp_img2023_02_21_21_28_57_816938%.jpeg,1280,720
Ball,812,429,39,33,dp_img2023_02_21_21_29_03_816968%.jpeg,1280,720
Muddles,480,419,59,74,dp_img2023_02_21_21_29_09_816969%.jpeg,1280,720
Box,535,375,290,133,dp_img2023_02_21_21_29_09_816969%.jpeg,1280,720
Kiki,477,432,59,53,dp_img2023_02_21_21_29_12_817099%.jpeg,1280,720
Muddles,827,411,48,54,dp_img2023_02_21_21_29_12_817099%.jpeg,1280,720
Box,535,374,288,133,dp_img2023_02_21_21_29_12_817099%.jpeg,1280,720
Kiki,818,429,91,62,dp_img2023_02_21_21_29_15_816953%.jpeg,1280,720
Box,536,380,288,127,dp_img2023_02_21_21_29_15_816953%.jpeg,1280,720
Ball,541,469,59,60,dp_img2023_02_21_21_29_21_817076%.jpeg,1280,720
Muddles,452,313,85,78,dp_img2023_02_21_21_29_21_817076%.jpeg,1280,720
Box,130,384,370,165,dp_img2023_02_21_21_29_21_817076%.jpeg,1280,720
Cube,243,525,91,78,dp_img2023_02_21_21_29_33_817038%.jpeg,1280,720
Cube,1060,623,175,97,dp_img2023_02_21_21_29_36_817200%.jpeg,1280,720
Cube,598,423,30,30,dp_img2023_02_21_21_29_36_817200%.jpeg,1280,720
Slush,556,401,66,51,dp_img2023_02_21_21_29_36_817200%.jpeg,1280,720
Cube,1039,422,33,30,dp_img2023_02_21_21_29_39_818204%.jpeg,1280,720
Slush,997,401,60,48,dp_img2023_02_21_21_29_39_818204%.jpeg,1280,720
Muddles,388,464,118,122,dp_img2023_02_21_21_29_39_818204%.jpeg,1280,720
Hugo,203,440,193,152,dp_img2023_02_21_21_29_39_818204%.jpeg,1280,720
Muddles,619,454,122,122,dp_img2023_02_21_21_29_42_818565%.jpeg,1280,720
Hugo,456,435,171,140,dp_img2023_02_21_21_29_42_818565%.jpeg,1280,720
Slush,1259,401,21,66,dp_img2023_02_21_21_29_42_818565%.jpeg,1280,720
Muddles,793,479,175,148,dp_img2023_02_21_21_29_45_821617%.jpeg,1280,720
Hugo,607,446,202,180,dp_img2023_02_21_21_29_45_821617%.jpeg,1280,720
Muddles,550,446,116,133,dp_img2023_02_21_21_29_51_816989%.jpeg,1280,720
Hugo,369,422,178,163,dp_img2023_02_21_21_29_51_816989%.jpeg,1280,720
Muddles,480,428,97,69,dp_img2023_02_21_21_29_54_817006%.jpeg,1280,720
Hugo,124,416,115,66,dp_img2023_02_21_21_29_54_817006%.jpeg,1280,720
Muddles,476,428,109,72,dp_img2023_02_21_21_29_57_816980%.jpeg,1280,720
Hugo,106,416,122,69,dp_img2023_02_21_21_29_57_816980%.jpeg,1280,720
Muddles,664,446,134,83,dp_img2023_02_21_21_30_00_816983%.jpeg,1280,720
Hugo,264,419,136,80,dp_img2023_02_21_21_30_00_816983%.jpeg,1280,720
Cube,1046,429,45,44,dp_img2023_02_21_21_30_03_817079%.jpeg,1280,720
Muddles,189,505,254,171,dp_img2023_02_21_21_30_03_817079%.jpeg,1280,720
Cube,785,457,63,50,dp_img2023_02_21_21_30_06_816971%.jpeg,1280,720
Cube,1072,445,51,48,dp_img2023_02_21_21_30_09_817001%.jpeg,1280,720
Slush,990,420,94,69,dp_img2023_02_21_21_30_09_817001%.jpeg,1280,720
Box,328,358,309,142,dp_img2023_02_21_21_30_09_817001%.jpeg,1280,720
Cube,135,449,60,53,dp_img2023_02_21_21_30_09_817001%.jpeg,1280,720
Cube,107,514,85,83,dp_img2023_02_21_21_30_12_816980%.jpeg,1280,720
Slush,0,464,162,139,dp_img2023_02_21_21_30_12_816980%.jpeg,1280,720
Box,770,358,510,285,dp_img2023_02_21_21_30_15_816972%.jpeg,1280,720
Cube,563,470,59,59,dp_img2023_02_21_21_30_15_816972%.jpeg,1280,720
Muddles,189,512,243,169,dp_img2023_02_21_21_30_18_817085%.jpeg,1280,720
Hugo,376,423,116,89,dp_img2023_02_21_21_30_18_817085%.jpeg,1280,720
Muddles,302,520,249,174,dp_img2023_02_21_21_30_21_817048%.jpeg,1280,720
Hugo,486,425,122,86,dp_img2023_02_21_21_30_21_817048%.jpeg,1280,720
Ball,619,457,83,72,dp_img2023_02_21_21_30_21_817048%.jpeg,1280,720
Ball,1147,458,75,59,dp_img2023_02_21_21_30_30_817087%.jpeg,1280,720
Hugo,384,419,136,88,dp_img2023_02_21_21_30_30_817087%.jpeg,1280,720
Muddles,600,488,217,157,dp_img2023_02_21_21_30_30_817087%.jpeg,1280,720
Box,420,369,860,351,dp_img2023_02_21_21_30_33_816971%.jpeg,1280,720
Cube,0,647,71,73,dp_img2023_02_21_21_30_33_816971%.jpeg,1280,720
Binky,553,407,85,78,dp_img2023_02_21_21_30_48_816986%.jpeg,1280,720
Kiki,1030,416,139,89,dp_img2023_02_21_21_30_48_816986%.jpeg,1280,720
Kiki,1030,416,139,83,dp_img2023_02_21_21_30_51_817077%.jpeg,1280,720
Binky,548,404,91,78,dp_img2023_02_21_21_30_51_817077%.jpeg,1280,720
Kiki,1028,411,142,95,dp_img2023_02_21_21_30_54_817088%.jpeg,1280,720
Binky,553,404,86,82,dp_img2023_02_21_21_30_54_817088%.jpeg,1280,720
Binky,510,416,104,91,dp_img2023_02_21_21_30_57_817107%.jpeg,1280,720
Kiki,1084,434,181,110,dp_img2023_02_21_21_30_57_817107%.jpeg,1280,720
Binky,468,425,121,97,dp_img2023_02_21_21_31_00_816976%.jpeg,1280,720
Kiki,1116,445,164,110,dp_img2023_02_21_21_31_00_816976%.jpeg,1280,720
Binky,1170,469,110,183,dp_img2023_02_21_21_31_03_817840%.jpeg,1280,720
Kiki,227,470,223,216,dp_img2023_02_21_21_31_09_817456%.jpeg,1280,720
Cube,0,650,139,70,dp_img2023_02_21_21_31_12_819632%.jpeg,1280,720
Cube,655,579,142,133,dp_img2023_02_21_21_31_15_821031%.jpeg,1280,720
Binky,323,493,296,227,dp_img2023_02_21_21_31_18_821300%.jpeg,1280,720
Kiki,1209,546,71,136,dp_img2023_02_21_21_31_18_821300%.jpeg,1280,720
Cube,343,506,68,82,dp_img2023_02_21_21_31_24_817006%.jpeg,1280,720
Cube,409,506,75,91,dp_img2023_02_21_21_31_24_817006%.jpeg,1280,720
Ball,412,405,24,26,dp_img2023_02_21_21_31_24_817006%.jpeg,1280,720
Cube,557,405,21,18,dp_img2023_02_21_21_31_24_817006%.jpeg,1280,720
Box,640,363,165,68,dp_img2023_02_21_21_31_24_817006%.jpeg,1280,720
Muddles,341,408,72,51,dp_img2023_02_21_21_31_24_817006%.jpeg,1280,720
Hugo,20,398,115,60,dp_img2023_02_21_21_31_24_817006%.jpeg,1280,720
Ball,1016,425,149,98,dp_img2023_02_21_21_31_24_817006%.jpeg,1280,720
Cube,494,506,65,72,dp_img2023_02_21_21_31_27_816965%.jpeg,1280,720
Cube,435,511,62,72,dp_img2023_02_21_21_31_27_816965%.jpeg,1280,720
Cube,366,518,65,68,dp_img2023_02_21_21_31_27_816965%.jpeg,1280,720
Cube,1006,413,30,26,dp_img2023_02_21_21_31_27_816965%.jpeg,1280,720
Slush,974,393,48,41,dp_img2023_02_21_21_31_27_816965%.jpeg,1280,720
Box,643,362,165,69,dp_img2023_02_21_21_31_27_816965%.jpeg,1280,720
Cube,554,404,23,26,dp_img2023_02_21_21_31_27_816965%.jpeg,1280,720
Hugo,17,404,110,50,dp_img2023_02_21_21_31_27_816965%.jpeg,1280,720
Ball,203,463,83,54,dp_img2023_02_21_21_31_27_816965%.jpeg,1280,720
Cube,492,508,66,71,dp_img2023_02_21_21_31_30_816949%.jpeg,1280,720
Cube,435,508,57,71,dp_img2023_02_21_21_31_30_816949%.jpeg,1280,720
Cube,366,509,68,72,dp_img2023_02_21_21_31_30_816949%.jpeg,1280,720
Cube,1012,410,23,29,dp_img2023_02_21_21_31_30_816949%.jpeg,1280,720
Cube,556,404,24,20,dp_img2023_02_21_21_31_30_816949%.jpeg,1280,720
Slush,975,392,44,50,dp_img2023_02_21_21_31_30_816949%.jpeg,1280,720
Box,640,360,168,72,dp_img2023_02_21_21_31_30_816949%.jpeg,1280,720
Ball,412,404,23,24,dp_img2023_02_21_21_31_30_816949%.jpeg,1280,720
Muddles,337,404,77,53,dp_img2023_02_21_21_31_30_816949%.jpeg,1280,720
Hugo,65,404,65,54,dp_img2023_02_21_21_31_30_816949%.jpeg,1280,720
Box,0,313,65,142,dp_img2023_02_21_21_31_30_816949%.jpeg,1280,720
Cube,1006,414,30,23,dp_img2023_02_21_21_31_33_817372%.jpeg,1280,720
Slush,974,392,50,44,dp_img2023_02_21_21_31_33_817372%.jpeg,1280,720
Box,639,362,168,68,dp_img2023_02_21_21_31_33_817372%.jpeg,1280,720
Ball,529,494,75,78,dp_img2023_02_21_21_31_33_817372%.jpeg,1280,720
Cube,429,508,71,77,dp_img2023_02_21_21_31_33_817372%.jpeg,1280,720
Cube,361,506,65,78,dp_img2023_02_21_21_31_33_817372%.jpeg,1280,720
Hugo,26,399,100,57,dp_img2023_02_21_21_31_33_817372%.jpeg,1280,720
Box,0,377,24,86,dp_img2023_02_21_21_31_33_817372%.jpeg,1280,720
Kiki,0,461,29,75,dp_img2023_02_21_21_31_33_817372%.jpeg,1280,720
Cube,1004,410,32,29,dp_img2023_02_21_21_31_36_816985%.jpeg,1280,720
Cube,139,482,86,75,dp_img2023_02_21_21_31_36_816985%.jpeg,1280,720
Cube,637,503,69,74,dp_img2023_02_21_21_31_36_816985%.jpeg,1280,720
Cube,512,500,65,71,dp_img2023_02_21_21_31_36_816985%.jpeg,1280,720
Cube,553,407,24,21,dp_img2023_02_21_21_31_36_816985%.jpeg,1280,720
Ball,411,407,26,26,dp_img2023_02_21_21_31_36_816985%.jpeg,1280,720
Muddles,338,410,74,50,dp_img2023_02_21_21_31_36_816985%.jpeg,1280,720
Box,639,363,168,68,dp_img2023_02_21_21_31_36_816985%.jpeg,1280,720
Slush,972,392,51,45,dp_img2023_02_21_21_31_36_816985%.jpeg,1280,720
Cube,1007,413,29,27,dp_img2023_02_21_21_31_51_816994%.jpeg,1280,720
Cube,787,532,88,98,dp_img2023_02_21_21_31_51_816994%.jpeg,1280,720
Cube,467,509,74,72,dp_img2023_02_21_21_31_51_816994%.jpeg,1280,720
Box,0,377,23,128,dp_img2023_02_21_21_31_51_816994%.jpeg,1280,720
Box,642,368,163,66,dp_img2023_02_21_21_31_51_816994%.jpeg,1280,720
Slush,972,395,53,41,dp_img2023_02_21_21_31_51_816994%.jpeg,1280,720
Kiki,491,446,139,75,dp_img2023_02_21_21_31_51_816994%.jpeg,1280,720
Hugo,24,399,100,65,dp_img2023_02_21_21_31_51_816994%.jpeg,1280,720
Cube,556,404,23,26,dp_img2023_02_21_21_31_51_816994%.jpeg,1280,720
Box,640,365,166,63,dp_img2023_02_21_21_31_54_817046%.jpeg,1280,720
Binky,708,434,131,71,dp_img2023_02_21_21_31_54_817046%.jpeg,1280,720
Cube,788,537,86,95,dp_img2023_02_21_21_31_54_817046%.jpeg,1280,720
Cube,465,512,77,72,dp_img2023_02_21_21_31_54_817046%.jpeg,1280,720
Cube,550,404,29,27,dp_img2023_02_21_21_31_54_817046%.jpeg,1280,720
Ball,408,405,27,26,dp_img2023_02_21_21_31_54_817046%.jpeg,1280,720
Box,0,375,26,133,dp_img2023_02_21_21_31_54_817046%.jpeg,1280,720
Hugo,26,398,112,59,dp_img2023_02_21_21_31_54_817046%.jpeg,1280,720
Kiki,417,445,131,78,dp_img2023_02_21_21_31_54_817046%.jpeg,1280,720
Slush,1154,434,126,103,dp_img2023_02_21_21_32_06_817046%.jpeg,1280,720
Kiki,172,525,97,78,dp_img2023_02_21_21_32_15_817249%.jpeg,1280,720
Slush,329,440,166,116,dp_img2023_02_21_21_32_15_817249%.jpeg,1280,720
Box,0,374,18,75,dp_img2023_02_21_21_32_15_817249%.jpeg,1280,720
Box,778,362,175,72,dp_img2023_02_21_21_32_18_816976%.jpeg,1280,720
Box,0,372,212,136,dp_img2023_02_21_21_32_18_816976%.jpeg,1280,720
Cube,1215,506,65,97,dp_img2023_02_21_21_32_18_816976%.jpeg,1280,720
Cube,965,543,100,104,dp_img2023_02_21_21_32_18_816976%.jpeg,1280,720
Cube,625,506,71,77,dp_img2023_02_21_21_32_18_816976%.jpeg,1280,720
Binky,858,429,142,86,dp_img2023_02_21_21_32_18_816976%.jpeg,1280,720
Kiki,565,440,137,77,dp_img2023_02_21_21_32_18_816976%.jpeg,1280,720
Box,698,363,172,69,dp_img2023_02_21_21_32_21_817075%.jpeg,1280,720
Box,0,375,100,130,dp_img2023_02_21_21_32_21_817075%.jpeg,1280,720
Cube,1117,512,110,80,dp_img2023_02_21_21_32_21_817075%.jpeg,1280,720
Cube,871,546,104,104,dp_img2023_02_21_21_32_21_817075%.jpeg,1280,720
Cube,533,514,78,77,dp_img2023_02_21_21_32_21_817075%.jpeg,1280,720
Binky,775,434,137,85,dp_img2023_02_21_21_32_21_817075%.jpeg,1280,720
Kiki,474,442,139,85,dp_img2023_02_21_21_32_21_817075%.jpeg,1280,720
Box,0,374,98,133,dp_img2023_02_21_21_32_27_816941%.jpeg,1280,720
Box,696,363,171,66,dp_img2023_02_21_21_32_27_816941%.jpeg,1280,720
Cube,1123,512,101,82,dp_img2023_02_21_21_32_27_816941%.jpeg,1280,720
Cube,873,549,100,101,dp_img2023_02_21_21_32_27_816941%.jpeg,1280,720
Cube,532,514,77,78,dp_img2023_02_21_21_32_27_816941%.jpeg,1280,720
Kiki,477,446,136,85,dp_img2023_02_21_21_32_27_816941%.jpeg,1280,720
Binky,776,432,133,91,dp_img2023_02_21_21_32_27_816941%.jpeg,1280,720
Binky,773,437,142,74,dp_img2023_02_21_21_32_33_816993%.jpeg,1280,720
Kiki,474,445,131,85,dp_img2023_02_21_21_32_33_816993%.jpeg,1280,720
Cube,1117,518,107,72,dp_img2023_02_21_21_32_33_816993%.jpeg,1280,720
Cube,873,549,98,101,dp_img2023_02_21_21_32_33_816993%.jpeg,1280,720
Ball,900,476,74,69,dp_img2023_02_21_21_32_33_816993%.jpeg,1280,720
Box,702,366,121,63,dp_img2023_02_21_21_32_33_816993%.jpeg,1280,720
Box,0,374,94,139,dp_img2023_02_21_21_32_33_816993%.jpeg,1280,720
Cube,535,512,75,80,dp_img2023_02_21_21_32_33_816993%.jpeg,1280,720
Cube,874,550,103,100,dp_img2023_02_21_21_32_39_816944%.jpeg,1280,720
Cube,1120,509,107,83,dp_img2023_02_21_21_32_39_816944%.jpeg,1280,720
Cube,529,514,82,75,dp_img2023_02_21_21_32_39_816944%.jpeg,1280,720
Ball,897,478,77,74,dp_img2023_02_21_21_32_39_816944%.jpeg,1280,720
Binky,773,434,136,85,dp_img2023_02_21_21_32_39_816944%.jpeg,1280,720
Kiki,479,451,131,80,dp_img2023_02_21_21_32_39_816944%.jpeg,1280,720
Box,699,366,168,62,dp_img2023_02_21_21_32_39_816944%.jpeg,1280,720
Box,0,369,100,139,dp_img2023_02_21_21_32_39_816944%.jpeg,1280,720
Cube,849,514,78,77,dp_img2023_02_21_21_35_09_324113%.jpeg,1280,720
Cube,823,452,41,42,dp_img2023_02_21_21_35_16_706949%.jpeg,1280,720
Muddles,642,457,174,119,dp_img2023_02_21_21_35_16_706949%.jpeg,1280,720
Muddles,689,422,89,60,dp_img2023_02_21_21_35_29_106559%.jpeg,1280,720
Kiki,805,337,35,48,dp_img2023_02_21_21_35_29_106559%.jpeg,1280,720
Cube,310,500,80,69,dp_img2023_02_21_21_35_29_106559%.jpeg,1280,720
Ball,446,512,89,91,dp_img2023_02_21_21_35_29_106559%.jpeg,1280,720
Hugo,692,460,207,237,dp_img2023_02_21_21_35_29_106559%.jpeg,1280,720
Kiki,885,410,130,187,dp_img2023_02_21_21_35_35_536479%.jpeg,1280,720
Slush,642,386,101,193,dp_img2023_02_21_21_35_35_536479%.jpeg,1280,720
Slush,879,378,116,142,dp_img2023_02_21_21_35_43_542682%.jpeg,1280,720
Box,527,374,359,162,dp_img2023_02_21_21_35_43_542682%.jpeg,1280,720
Hugo,515,411,89,65,dp_img2023_02_21_21_35_53_791531%.jpeg,1280,720
Ball,702,411,27,29,dp_img2023_02_21_21_35_53_791531%.jpeg,1280,720
Box,584,369,171,66,dp_img2023_02_21_21_35_53_791531%.jpeg,1280,720
Box,587,374,166,62,dp_img2023_02_21_21_36_00_971563%.jpeg,1280,720
Ball,689,413,29,26,dp_img2023_02_21_21_36_00_971563%.jpeg,1280,720
Binky,794,414,91,50,dp_img2023_02_21_21_36_00_971563%.jpeg,1280,720
Cube,914,476,56,53,dp_img2023_02_21_21_36_00_971563%.jpeg,1280,720
Cube,391,496,77,65,dp_img2023_02_21_21_36_00_971563%.jpeg,1280,720
Hugo,517,410,91,60,dp_img2023_02_21_21_36_00_971563%.jpeg,1280,720
Cube,799,386,44,33,dp_img2023_02_21_21_36_15_168864%.jpeg,1280,720
Cube,799,416,45,38,dp_img2023_02_21_21_36_15_168864%.jpeg,1280,720
Cube,799,452,47,33,dp_img2023_02_21_21_36_15_168864%.jpeg,1280,720
Hugo,517,411,95,59,dp_img2023_02_21_21_36_15_168864%.jpeg,1280,720
Cube,391,500,77,63,dp_img2023_02_21_21_36_15_168864%.jpeg,1280,720
Box,594,371,166,66,dp_img2023_02_21_21_36_15_168864%.jpeg,1280,720
Cube,770,401,57,36,dp_img2023_02_21_21_36_21_216535%.jpeg,1280,720
Hugo,750,416,112,78,dp_img2023_02_21_21_36_21_216535%.jpeg,1280,720
Cube,473,457,56,44,dp_img2023_02_21_21_36_21_216535%.jpeg,1280,720
Box,590,372,168,63,dp_img2023_02_21_21_36_21_216535%.jpeg,1280,720
Kiki,785,395,86,125,dp_img2023_02_21_21_36_39_640584%.jpeg,1280,720
Cube,716,458,42,42,dp_img2023_02_21_21_36_39_640584%.jpeg,1280,720
Hugo,649,426,115,63,dp_img2023_02_21_21_36_39_640584%.jpeg,1280,720
Cube,622,478,66,59,dp_img2023_02_21_21_36_39_640584%.jpeg,1280,720
Cube,473,457,50,39,dp_img2023_02_21_21_36_39_640584%.jpeg,1280,720
Box,595,369,165,68,dp_img2023_02_21_21_36_39_640584%.jpeg,1280,720
Ball,870,482,75,78,dp_img2023_02_21_21_36_51_289240%.jpeg,1280,720
Box,586,368,168,69,dp_img2023_02_21_21_36_51_289240%.jpeg,1280,720
Ball,705,437,47,42,dp_img2023_02_21_21_36_51_289240%.jpeg,1280,720
Cube,474,460,59,39,dp_img2023_02_21_21_36_51_289240%.jpeg,1280,720
Hugo,444,377,127,104,dp_img2023_02_21_21_36_51_289240%.jpeg,1280,720
Muddles,174,455,216,151,dp_img2023_02_21_21_36_51_289240%.jpeg,1280,720
Box,320,369,364,252,dp_img2023_02_21_21_36_59_285701%.jpeg,1280,720
Cube,895,457,45,44,dp_img2023_02_21_21_36_59_285701%.jpeg,1280,720
Box,323,372,364,248,dp_img2023_02_21_21_36_59_940153%.jpeg,1280,720
Cube,898,457,41,41,dp_img2023_02_21_21_36_59_940153%.jpeg,1280,720
Cube,873,434,39,33,dp_img2023_02_21_21_37_04_579747%.jpeg,1280,720
Hugo,631,416,139,95,dp_img2023_02_21_21_37_04_579747%.jpeg,1280,720
Box,468,369,232,101,dp_img2023_02_21_21_37_04_579747%.jpeg,1280,720
Box,464,374,225,92,dp_img2023_02_21_21_37_09_509872%.jpeg,1280,720
Box,686,368,68,69,dp_img2023_02_21_21_37_09_509872%.jpeg,1280,720
Hugo,619,416,142,91,dp_img2023_02_21_21_37_09_509872%.jpeg,1280,720
Cube,613,485,56,56,dp_img2023_02_21_21_37_09_509872%.jpeg,1280,720
Box,492,286,181,88,dp_img2023_02_21_21_37_18_573376%.jpeg,1280,720
Box,456,374,235,97,dp_img2023_02_21_21_37_18_573376%.jpeg,1280,720
Cube,606,484,72,57,dp_img2023_02_21_21_37_18_573376%.jpeg,1280,720
Cube,483,254,36,32,dp_img2023_02_21_21_37_18_573376%.jpeg,1280,720
Hugo,577,185,97,95,dp_img2023_02_21_21_37_18_573376%.jpeg,1280,720
Muddles,616,417,211,303,dp_img2023_02_21_21_37_30_959101%.jpeg,1280,720
Box,523,369,178,82,dp_img2023_02_21_21_37_30_959101%.jpeg,1280,720
Box,444,168,219,228,dp_img2023_02_21_21_37_30_959101%.jpeg,1280,720
Hugo,350,374,412,181,dp_img2023_02_21_21_37_38_589639%.jpeg,1280,720
Slush,658,381,160,331,dp_img2023_02_21_21_37_38_589639%.jpeg,1280,720
Box,346,371,392,181,dp_img2023_02_21_21_37_50_442175%.jpeg,1280,720
Hugo,536,464,204,219,dp_img2023_02_21_21_37_50_442175%.jpeg,1280,720
Hugo,305,422,118,122,dp_img2023_02_21_21_37_59_551828%.jpeg,1280,720
Binky,523,464,217,152,dp_img2023_02_21_21_37_59_551828%.jpeg,1280,720
Box,485,372,400,180,dp_img2023_02_21_21_37_59_551828%.jpeg,1280,720
Box,474,369,409,186,dp_img2023_02_21_21_38_05_368562%.jpeg,1280,720
Kiki,719,417,148,204,dp_img2023_02_21_21_38_05_368562%.jpeg,1280,720
Box,480,372,398,177,dp_img2023_02_21_21_38_18_566229%.jpeg,1280,720
Ball,969,491,85,83,dp_img2023_02_21_21_38_18_566229%.jpeg,1280,720
Kiki,716,408,152,214,dp_img2023_02_21_21_38_18_566229%.jpeg,1280,720
Ball,427,488,77,80,dp_img2023_02_21_21_38_18_566229%.jpeg,1280,720
Cube,289,517,80,72,dp_img2023_02_21_21_38_18_566229%.jpeg,1280,720